"type","amount","transaction_date","status","payment_method_name"
"income","300000.00","2025-01-04T17:00:00.000Z","completed","Tiền mặt"
"income","500000.00","2025-01-09T17:00:00.000Z","completed","Chuyển khoản ngân hàng"
"income","200000.00","2025-01-14T17:00:00.000Z","completed","Tiền mặt"
"income","400000.00","2025-01-19T17:00:00.000Z","completed","Thẻ tín dụng"
"income","150000.00","2025-01-24T17:00:00.000Z","completed","Tiền mặt"
"income","350000.00","2025-02-04T17:00:00.000Z","completed","Chuyển khoản ngân hàng"
"income","450000.00","2025-02-09T17:00:00.000Z","completed","Tiền mặt"
"income","250000.00","2025-02-14T17:00:00.000Z","completed","Ví Momo"
"income","550000.00","2025-02-19T17:00:00.000Z","completed","Chuyển khoản ngân hàng"
"income","100000.00","2025-02-24T17:00:00.000Z","completed","Tiền mặt"
"income","400000.00","2025-03-04T17:00:00.000Z","completed","Thẻ tín dụng"
"income","300000.00","2025-03-09T17:00:00.000Z","completed","Tiền mặt"
"income","600000.00","2025-03-14T17:00:00.000Z","completed","ZaloPay"
"income","200000.00","2025-03-19T17:00:00.000Z","completed","Chuyển khoản ngân hàng"
"income","450000.00","2025-03-24T17:00:00.000Z","completed","Tiền mặt"
"income","550000.00","2025-04-04T17:00:00.000Z","completed","Ví Momo"
"income","250000.00","2025-04-09T17:00:00.000Z","completed","Tiền mặt"
"income","350000.00","2025-04-14T17:00:00.000Z","completed","VNPay"
"income","650000.00","2025-04-19T17:00:00.000Z","completed","Chuyển khoản ngân hàng"
"income","150000.00","2025-04-24T17:00:00.000Z","completed","Tiền mặt"
"income","500000.00","2025-05-04T17:00:00.000Z","completed","Thẻ tín dụng"
"income","400000.00","2025-05-09T17:00:00.000Z","completed","Tiền mặt"
"income","700000.00","2025-05-14T17:00:00.000Z","completed","ZaloPay"
"income","300000.00","2025-05-19T17:00:00.000Z","completed","Chuyển khoản ngân hàng"
"income","550000.00","2025-05-24T17:00:00.000Z","completed","Tiền mặt"
"income","600000.00","2025-06-04T17:00:00.000Z","completed","Ví Momo"
"income","350000.00","2025-06-09T17:00:00.000Z","completed","Tiền mặt"
"income","450000.00","2025-06-14T17:00:00.000Z","completed","Trả tiền khi nhận hàng"
"income","750000.00","2025-06-19T17:00:00.000Z","completed","Chuyển khoản ngân hàng"
"income","200000.00","2025-06-24T17:00:00.000Z","completed","Tiền mặt"
"income","650000.00","2025-07-04T17:00:00.000Z","completed","ZaloPay"
"income","400000.00","2025-07-09T17:00:00.000Z","completed","Tiền mặt"
"income","550000.00","2025-07-14T17:00:00.000Z","completed","Trả góp"
"income","850000.00","2025-07-19T17:00:00.000Z","completed","Chuyển khoản ngân hàng"
"income","250000.00","2025-07-24T17:00:00.000Z","completed","Tiền mặt"
"income","700000.00","2025-08-04T17:00:00.000Z","completed","VNPay"
"income","450000.00","2025-08-09T17:00:00.000Z","completed","Tiền mặt"
"income","600000.00","2025-08-14T17:00:00.000Z","completed","PayPal"
"income","900000.00","2025-08-19T17:00:00.000Z","completed","Chuyển khoản ngân hàng"
"income","300000.00","2025-08-24T17:00:00.000Z","completed","Tiền mặt"
"income","750000.00","2025-09-04T17:00:00.000Z","completed","Trả tiền khi nhận hàng"
"income","500000.00","2025-09-09T17:00:00.000Z","completed","Tiền mặt"
"income","650000.00","2025-09-14T17:00:00.000Z","completed","Bitcoin"
"income","950000.00","2025-09-19T17:00:00.000Z","completed","Chuyển khoản ngân hàng"
"income","350000.00","2025-09-24T17:00:00.000Z","completed","Tiền mặt"
"income","800000.00","2025-10-04T17:00:00.000Z","completed","Trả góp"
"income","550000.00","2025-10-09T17:00:00.000Z","completed","Tiền mặt"
"income","700000.00","2025-10-14T17:00:00.000Z","completed","Tiền mặt"
"income","1000000.00","2025-10-19T17:00:00.000Z","completed","Chuyển khoản ngân hàng"
"income","400000.00","2025-10-24T17:00:00.000Z","completed","Tiền mặt"
"expense","600000.00","2025-01-02T17:00:00.000Z","completed","Chuyển khoản ngân hàng"
"expense","800000.00","2025-01-07T17:00:00.000Z","completed","Chuyển khoản ngân hàng"
"expense","400000.00","2025-01-12T17:00:00.000Z","completed","Chuyển khoản ngân hàng"
"expense","700000.00","2025-01-17T17:00:00.000Z","completed","Chuyển khoản ngân hàng"
"expense","300000.00","2025-01-22T17:00:00.000Z","completed","Chuyển khoản ngân hàng"
"expense","700000.00","2025-02-02T17:00:00.000Z","completed","Chuyển khoản ngân hàng"
"expense","900000.00","2025-02-07T17:00:00.000Z","completed","Chuyển khoản ngân hàng"
"expense","500000.00","2025-02-12T17:00:00.000Z","completed","Chuyển khoản ngân hàng"
"expense","800000.00","2025-02-17T17:00:00.000Z","completed","Chuyển khoản ngân hàng"
"expense","400000.00","2025-02-22T17:00:00.000Z","completed","Chuyển khoản ngân hàng"
"expense","800000.00","2025-03-02T17:00:00.000Z","completed","Chuyển khoản ngân hàng"
"expense","600000.00","2025-03-07T17:00:00.000Z","completed","Chuyển khoản ngân hàng"
"expense","900000.00","2025-03-12T17:00:00.000Z","completed","Chuyển khoản ngân hàng"
"expense","500000.00","2025-03-17T17:00:00.000Z","completed","Chuyển khoản ngân hàng"
"expense","700000.00","2025-03-22T17:00:00.000Z","completed","Chuyển khoản ngân hàng"
"expense","900000.00","2025-04-02T17:00:00.000Z","completed","Chuyển khoản ngân hàng"
"expense","700000.00","2025-04-07T17:00:00.000Z","completed","Chuyển khoản ngân hàng"
"expense","1000000.00","2025-04-12T17:00:00.000Z","completed","Chuyển khoản ngân hàng"
"expense","600000.00","2025-04-17T17:00:00.000Z","completed","Chuyển khoản ngân hàng"
"expense","800000.00","2025-04-22T17:00:00.000Z","completed","Chuyển khoản ngân hàng"
"expense","1000000.00","2025-05-02T17:00:00.000Z","completed","Chuyển khoản ngân hàng"
"expense","800000.00","2025-05-07T17:00:00.000Z","completed","Chuyển khoản ngân hàng"
"expense","1100000.00","2025-05-12T17:00:00.000Z","completed","Chuyển khoản ngân hàng"
"expense","700000.00","2025-05-17T17:00:00.000Z","completed","Chuyển khoản ngân hàng"
"expense","900000.00","2025-05-22T17:00:00.000Z","completed","Chuyển khoản ngân hàng"
"expense","1100000.00","2025-06-02T17:00:00.000Z","completed","Chuyển khoản ngân hàng"
"expense","900000.00","2025-06-07T17:00:00.000Z","completed","Chuyển khoản ngân hàng"
"expense","1200000.00","2025-06-12T17:00:00.000Z","completed","Chuyển khoản ngân hàng"
"expense","800000.00","2025-06-17T17:00:00.000Z","completed","Chuyển khoản ngân hàng"
"expense","1000000.00","2025-06-22T17:00:00.000Z","completed","Chuyển khoản ngân hàng"
"expense","1200000.00","2025-07-02T17:00:00.000Z","completed","Chuyển khoản ngân hàng"
"expense","1000000.00","2025-07-07T17:00:00.000Z","completed","Chuyển khoản ngân hàng"
"expense","1300000.00","2025-07-12T17:00:00.000Z","completed","Chuyển khoản ngân hàng"
"expense","900000.00","2025-07-17T17:00:00.000Z","completed","Chuyển khoản ngân hàng"
"expense","1100000.00","2025-07-22T17:00:00.000Z","completed","Chuyển khoản ngân hàng"
"expense","1300000.00","2025-08-02T17:00:00.000Z","completed","Chuyển khoản ngân hàng"
"expense","1100000.00","2025-08-07T17:00:00.000Z","completed","Chuyển khoản ngân hàng"
"expense","1400000.00","2025-08-12T17:00:00.000Z","completed","Chuyển khoản ngân hàng"
"expense","1000000.00","2025-08-17T17:00:00.000Z","completed","Chuyển khoản ngân hàng"
"expense","1200000.00","2025-08-22T17:00:00.000Z","completed","Chuyển khoản ngân hàng"
"expense","1400000.00","2025-09-02T17:00:00.000Z","completed","Chuyển khoản ngân hàng"
"expense","1200000.00","2025-09-07T17:00:00.000Z","completed","Chuyển khoản ngân hàng"
"expense","1500000.00","2025-09-12T17:00:00.000Z","completed","Chuyển khoản ngân hàng"
"expense","1100000.00","2025-09-17T17:00:00.000Z","completed","Chuyển khoản ngân hàng"
"expense","1300000.00","2025-09-22T17:00:00.000Z","completed","Chuyển khoản ngân hàng"
"expense","1500000.00","2025-10-02T17:00:00.000Z","completed","Chuyển khoản ngân hàng"
"expense","1300000.00","2025-10-07T17:00:00.000Z","completed","Chuyển khoản ngân hàng"
"expense","1600000.00","2025-10-12T17:00:00.000Z","completed","Chuyển khoản ngân hàng"
"expense","1200000.00","2025-10-17T17:00:00.000Z","completed","Chuyển khoản ngân hàng"
"expense","1400000.00","2025-10-22T17:00:00.000Z","completed","Chuyển khoản ngân hàng"
"income","300000.00","2025-01-04T17:00:00.000Z","completed","Tiền mặt"
"expense","600000.00","2025-01-02T17:00:00.000Z","completed","Chuyển khoản ngân hàng"
"income","500000.00","2025-01-09T17:00:00.000Z","completed","Chuyển khoản ngân hàng"
"expense","800000.00","2025-01-07T17:00:00.000Z","completed","Chuyển khoản ngân hàng"
"income","200000.00","2025-01-14T17:00:00.000Z","completed","Tiền mặt"
"expense","400000.00","2025-01-12T17:00:00.000Z","completed","Chuyển khoản ngân hàng"
"income","400000.00","2025-01-19T17:00:00.000Z","completed","Thẻ tín dụng"
"expense","700000.00","2025-01-17T17:00:00.000Z","completed","Chuyển khoản ngân hàng"
"income","150000.00","2025-01-24T17:00:00.000Z","completed","Tiền mặt"
"expense","300000.00","2025-01-22T17:00:00.000Z","completed","Chuyển khoản ngân hàng"
"income","350000.00","2025-02-04T17:00:00.000Z","completed","Chuyển khoản ngân hàng"
"expense","700000.00","2025-02-02T17:00:00.000Z","completed","Chuyển khoản ngân hàng"
"income","450000.00","2025-02-09T17:00:00.000Z","completed","Tiền mặt"
"expense","900000.00","2025-02-07T17:00:00.000Z","completed","Chuyển khoản ngân hàng"
"income","250000.00","2025-02-14T17:00:00.000Z","completed","Ví Momo"
"expense","500000.00","2025-02-12T17:00:00.000Z","completed","Chuyển khoản ngân hàng"
"income","550000.00","2025-02-19T17:00:00.000Z","completed","Chuyển khoản ngân hàng"
"expense","800000.00","2025-02-17T17:00:00.000Z","completed","Chuyển khoản ngân hàng"
"income","100000.00","2025-02-24T17:00:00.000Z","completed","Tiền mặt"
"expense","400000.00","2025-02-22T17:00:00.000Z","completed","Chuyển khoản ngân hàng"
"income","400000.00","2025-03-04T17:00:00.000Z","completed","Thẻ tín dụng"
"expense","800000.00","2025-03-02T17:00:00.000Z","completed","Chuyển khoản ngân hàng"
"income","300000.00","2025-03-09T17:00:00.000Z","completed","Tiền mặt"
"expense","600000.00","2025-03-07T17:00:00.000Z","completed","Chuyển khoản ngân hàng"
"income","600000.00","2025-03-14T17:00:00.000Z","completed","ZaloPay"
"expense","900000.00","2025-03-12T17:00:00.000Z","completed","Chuyển khoản ngân hàng"
"income","200000.00","2025-03-19T17:00:00.000Z","completed","Chuyển khoản ngân hàng"
"expense","500000.00","2025-03-17T17:00:00.000Z","completed","Chuyển khoản ngân hàng"
"income","450000.00","2025-03-24T17:00:00.000Z","completed","Tiền mặt"
"expense","700000.00","2025-03-22T17:00:00.000Z","completed","Chuyển khoản ngân hàng"
"income","550000.00","2025-04-04T17:00:00.000Z","completed","Ví Momo"
"expense","900000.00","2025-04-02T17:00:00.000Z","completed","Chuyển khoản ngân hàng"
"income","250000.00","2025-04-09T17:00:00.000Z","completed","Tiền mặt"
"expense","700000.00","2025-04-07T17:00:00.000Z","completed","Chuyển khoản ngân hàng"
"income","350000.00","2025-04-14T17:00:00.000Z","completed","VNPay"
"expense","1000000.00","2025-04-12T17:00:00.000Z","completed","Chuyển khoản ngân hàng"
"income","650000.00","2025-04-19T17:00:00.000Z","completed","Chuyển khoản ngân hàng"
"expense","600000.00","2025-04-17T17:00:00.000Z","completed","Chuyển khoản ngân hàng"
"income","150000.00","2025-04-24T17:00:00.000Z","completed","Tiền mặt"
"expense","800000.00","2025-04-22T17:00:00.000Z","completed","Chuyển khoản ngân hàng"
"income","500000.00","2025-05-04T17:00:00.000Z","completed","Thẻ tín dụng"
"expense","1000000.00","2025-05-02T17:00:00.000Z","completed","Chuyển khoản ngân hàng"
"income","400000.00","2025-05-09T17:00:00.000Z","completed","Tiền mặt"
"expense","800000.00","2025-05-07T17:00:00.000Z","completed","Chuyển khoản ngân hàng"
"income","700000.00","2025-05-14T17:00:00.000Z","completed","Trả tiền khi nhận hàng"
"expense","1100000.00","2025-05-12T17:00:00.000Z","completed","Chuyển khoản ngân hàng"
"income","300000.00","2025-05-19T17:00:00.000Z","completed","Chuyển khoản ngân hàng"
"expense","700000.00","2025-05-17T17:00:00.000Z","completed","Chuyển khoản ngân hàng"
"income","550000.00","2025-05-24T17:00:00.000Z","completed","Tiền mặt"
"expense","900000.00","2025-05-22T17:00:00.000Z","completed","Chuyển khoản ngân hàng"
"income","600000.00","2025-06-04T17:00:00.000Z","completed","Tiền mặt"
"expense","1100000.00","2025-06-02T17:00:00.000Z","completed","Chuyển khoản ngân hàng"
"income","350000.00","2025-06-09T17:00:00.000Z","completed","Tiền mặt"
"expense","900000.00","2025-06-07T17:00:00.000Z","completed","Chuyển khoản ngân hàng"
"income","450000.00","2025-06-14T17:00:00.000Z","completed","Tiền mặt"
"expense","1200000.00","2025-06-12T17:00:00.000Z","completed","Chuyển khoản ngân hàng"
"income","750000.00","2025-06-19T17:00:00.000Z","completed","Chuyển khoản ngân hàng"
"expense","800000.00","2025-06-17T17:00:00.000Z","completed","Chuyển khoản ngân hàng"
"income","200000.00","2025-06-24T17:00:00.000Z","completed","Tiền mặt"
"expense","1000000.00","2025-06-22T17:00:00.000Z","completed","Chuyển khoản ngân hàng"
"income","650000.00","2025-07-04T17:00:00.000Z","completed","Trả tiền khi nhận hàng"
"expense","1200000.00","2025-07-02T17:00:00.000Z","completed","Chuyển khoản ngân hàng"
"income","400000.00","2025-07-09T17:00:00.000Z","completed","Tiền mặt"
"expense","1000000.00","2025-07-07T17:00:00.000Z","completed","Chuyển khoản ngân hàng"
"income","550000.00","2025-07-14T17:00:00.000Z","completed","Trả tiền khi nhận hàng"
"expense","1300000.00","2025-07-12T17:00:00.000Z","completed","Chuyển khoản ngân hàng"
"income","850000.00","2025-07-19T17:00:00.000Z","completed","Chuyển khoản ngân hàng"
"expense","900000.00","2025-07-17T17:00:00.000Z","completed","Chuyển khoản ngân hàng"
"income","250000.00","2025-07-24T17:00:00.000Z","completed","Trả tiền khi nhận hàng"
"expense","1100000.00","2025-07-22T17:00:00.000Z","completed","Chuyển khoản ngân hàng"
"income","700000.00","2025-08-04T17:00:00.000Z","completed","Tiền mặt"
"expense","1300000.00","2025-08-02T17:00:00.000Z","completed","Chuyển khoản ngân hàng"
"income","450000.00","2025-08-09T17:00:00.000Z","completed","Tiền mặt"
"expense","1100000.00","2025-08-07T17:00:00.000Z","completed","Chuyển khoản ngân hàng"
"income","600000.00","2025-08-14T17:00:00.000Z","completed","PayPal"
"expense","1400000.00","2025-08-12T17:00:00.000Z","completed","Chuyển khoản ngân hàng"
"income","900000.00","2025-08-19T17:00:00.000Z","completed","Chuyển khoản ngân hàng"
"expense","1000000.00","2025-08-17T17:00:00.000Z","completed","Chuyển khoản ngân hàng"
"income","300000.00","2025-08-24T17:00:00.000Z","completed","Tiền mặt"
"expense","1200000.00","2025-08-22T17:00:00.000Z","completed","Chuyển khoản ngân hàng"
"income","750000.00","2025-09-04T17:00:00.000Z","completed","Chuyển khoản ngân hàng"
"expense","1400000.00","2025-09-02T17:00:00.000Z","completed","Chuyển khoản ngân hàng"
"income","500000.00","2025-09-09T17:00:00.000Z","completed","Tiền mặt"
"expense","1200000.00","2025-09-07T17:00:00.000Z","completed","Chuyển khoản ngân hàng"
"income","650000.00","2025-09-14T17:00:00.000Z","completed","Bitcoin"
"expense","1500000.00","2025-09-12T17:00:00.000Z","completed","Chuyển khoản ngân hàng"
"income","950000.00","2025-09-19T17:00:00.000Z","completed","Chuyển khoản ngân hàng"
"expense","1100000.00","2025-09-17T17:00:00.000Z","completed","Chuyển khoản ngân hàng"
"income","350000.00","2025-09-24T17:00:00.000Z","completed","Tiền mặt"
"expense","1300000.00","2025-09-22T17:00:00.000Z","completed","Chuyển khoản ngân hàng"
"income","800000.00","2025-10-04T17:00:00.000Z","completed","Trả góp"
"expense","1500000.00","2025-10-02T17:00:00.000Z","completed","Chuyển khoản ngân hàng"
"income","550000.00","2025-10-09T17:00:00.000Z","completed","Tiền mặt"
"expense","1300000.00","2025-10-07T17:00:00.000Z","completed","Chuyển khoản ngân hàng"
"income","700000.00","2025-10-14T17:00:00.000Z","completed","Tiền mặt"
"expense","1600000.00","2025-10-12T17:00:00.000Z","completed","Chuyển khoản ngân hàng"
"income","1000000.00","2025-10-19T17:00:00.000Z","completed","Chuyển khoản ngân hàng"
"expense","1200000.00","2025-10-17T17:00:00.000Z","completed","Chuyển khoản ngân hàng"
"income","400000.00","2025-10-24T17:00:00.000Z","completed","Tiền mặt"
"expense","1400000.00","2025-10-22T17:00:00.000Z","completed","Chuyển khoản ngân hàng"
"income","150000.00","2025-10-20T17:00:00.000Z","completed",
"income","150000.00","2025-10-20T17:00:00.000Z","pending","Tiền mặt"
"income","150000.00","2025-10-20T17:00:00.000Z","pending","Tiền mặt"
"income","1050000.00","2025-10-20T17:00:00.000Z","pending","Ví Momo"
"income","150000.00","2025-10-20T17:00:00.000Z","completed",
"income","150000.00","2025-10-21T17:00:00.000Z","completed","Chuyển khoản ngân hàng"
"income","150000.00","2025-10-22T17:00:00.000Z","completed","Thẻ tín dụng"
"income","500000.00","2025-11-20T17:00:00.000Z","completed","Chuyển khoản ngân hàng"
"income","3000000.00","2025-10-23T17:00:00.000Z","completed","Tiền mặt"
"income","100000.00","2025-10-24T17:00:00.000Z","completed","Tiền mặt"
"expense","600000.00","2025-10-27T17:00:00.000Z","completed","Chuyển khoản ngân hàng"
"income","2000000.00","2025-10-27T17:00:00.000Z","completed","Tiền mặt"
"income","100000.00","2025-11-20T17:00:00.000Z","completed","Chuyển khoản ngân hàng"
"income","100000.00","2025-11-20T17:00:00.000Z","completed","Chuyển khoản ngân hàng"
"expense","100.00","2025-10-28T17:00:00.000Z","completed","Tiền mặt"
"expense","100.00","2025-10-28T17:00:00.000Z","completed","Tiền mặt"
"expense","101.00","2025-10-28T17:00:00.000Z","completed","Tiền mặt"
"expense","100.00","2025-10-28T17:00:00.000Z","completed","Tiền mặt"
"expense","100.00","2025-10-28T17:00:00.000Z","completed","Tiền mặt"
"expense","100.00","2025-10-26T17:00:00.000Z","completed","Chuyển khoản ngân hàng"
"expense","30000.00","2025-10-24T17:00:00.000Z","completed","Tiền mặt"
"income","20000.00","2025-10-28T17:00:00.000Z","completed","Tiền mặt"
"income","10000.00","2025-10-28T17:00:00.000Z","completed","Chuyển khoản ngân hàng"
"income","20000.00","2025-11-03T17:00:00.000Z","completed","Tiền mặt"
"income","500000.00","2025-10-27T17:00:00.000Z","completed","Tiền mặt"
"income","10000.00","2025-11-03T17:00:00.000Z","completed","Chuyển khoản ngân hàng"
"income","7500000.00","2025-11-05T17:00:00.000Z","completed","Tiền mặt"
"income","490000.00","2025-11-05T17:00:00.000Z","completed","Tiền mặt"
"expense","5000.00","2025-11-05T17:00:00.000Z","completed","Chuyển khoản ngân hàng"
"expense","1000.00","2025-11-05T17:00:00.000Z","completed","Tiền mặt"
"expense","10000.00","2025-11-05T17:00:00.000Z","completed","Chuyển khoản ngân hàng"
"income","1000000.00","2025-11-05T17:00:00.000Z","completed","Chuyển khoản ngân hàng"
"expense","20000.00","2025-11-06T17:00:00.000Z","completed","Tiền mặt"
"expense","2000.00","2025-11-06T17:00:00.000Z","completed","Chuyển khoản ngân hàng"
"income","720000.00","2025-11-06T17:00:00.000Z","completed","Tiền mặt"
"income","50000.00","2025-11-19T17:00:00.000Z","completed","Tiền mặt"
"income","40000.00","2025-11-20T17:00:00.000Z","completed","Thẻ tín dụng"
"income","40000.00","2025-11-20T17:00:00.000Z","completed","Thẻ tín dụng"
"income","60000.00","2025-11-20T17:00:00.000Z","completed","Tiền mặt"
"income","100000.00","2025-11-20T17:00:00.000Z","completed","Thẻ tín dụng"
"income","700000.00","2025-11-20T17:00:00.000Z","completed","Tiền mặt"
"expense","10000.00","2025-11-20T17:00:00.000Z","completed","Tiền mặt"
"income","100000.00","2025-11-20T17:00:00.000Z","completed","Chuyển khoản ngân hàng"
"income","100000.00","2025-11-20T17:00:00.000Z","completed","Chuyển khoản ngân hàng"
"income","700000.00","2025-11-20T17:00:00.000Z","pending","Chuyển khoản ngân hàng"
"expense","3000.00","2025-11-20T17:00:00.000Z","completed","Chuyển khoản ngân hàng"
"income","100000.00","2025-11-20T17:00:00.000Z","completed","Chuyển khoản ngân hàng"
"income","50000.00","2025-11-20T17:00:00.000Z","completed","Chuyển khoản ngân hàng"
"expense","2000.00","2025-11-20T17:00:00.000Z","completed","Tiền mặt"
"income","50000.00","2025-11-20T17:00:00.000Z","completed","Chuyển khoản ngân hàng"
"income","100000.00","2025-11-20T17:00:00.000Z","pending","Chuyển khoản ngân hàng"
"expense","3000.00","2025-11-20T17:00:00.000Z","completed","Chuyển khoản ngân hàng"
"expense","500.00","2025-11-20T17:00:00.000Z","completed","Chuyển khoản ngân hàng"
"expense","1600000.00","2025-11-20T17:00:00.000Z","completed","Chuyển khoản ngân hàng"
"income","1500000.00","2025-11-20T17:00:00.000Z","completed","Chuyển khoản ngân hàng"
"expense","2800000.00","2025-11-20T17:00:00.000Z","completed","Tiền mặt"
"income","400000.00","2025-11-20T17:00:00.000Z","completed","Tiền mặt"
"expense","5000.00","2025-11-20T17:00:00.000Z","completed","Tiền mặt"
"income","60000.00","2025-11-20T17:00:00.000Z","completed","Tiền mặt"
"expense","800000.00","2025-11-20T17:00:00.000Z","completed","Tiền mặt"
"income","3300000.00","2025-11-20T17:00:00.000Z","completed","Chuyển khoản ngân hàng"
"expense","4005000.00","2025-11-20T17:00:00.000Z","completed","Chuyển khoản ngân hàng"
"expense","5000.00","2025-11-20T17:00:00.000Z","completed","Tiền mặt"
"income","10000.00","2025-11-20T17:00:00.000Z","completed","Ví Momo"
"income","510000.00","2025-11-20T17:00:00.000Z","completed","ZaloPay"
"income","10000.00","2025-11-25T17:00:00.000Z","pending","Tiền mặt"
"income","10000.00","2025-11-25T17:00:00.000Z","pending","Tiền mặt"
"expense","100.00","2025-11-25T17:00:00.000Z","completed","Chuyển khoản ngân hàng"
"income","10000.00","2025-11-25T17:00:00.000Z","pending","Chuyển khoản ngân hàng"
"income","10000.00","2025-11-25T17:00:00.000Z","pending","Chuyển khoản ngân hàng"
"income","10000.00","2025-11-25T17:00:00.000Z","pending","Chuyển khoản ngân hàng"
"income","10000.00","2025-11-25T17:00:00.000Z","pending","Tiền mặt"
"income","10000.00","2025-11-25T17:00:00.000Z","pending","Tiền mặt"
"income","10000.00","2025-11-25T17:00:00.000Z","pending","Tiền mặt"
"income","10000.00","2025-11-25T17:00:00.000Z","pending","Tiền mặt"
"income","10000.00","2025-11-25T17:00:00.000Z","pending","Tiền mặt"
"expense","100.00","2025-11-25T17:00:00.000Z","completed",
"expense","100.00","2025-11-25T17:00:00.000Z","completed","Chuyển khoản ngân hàng"
"income","10000.00","2025-11-26T17:00:00.000Z","pending",
"income","10000.00","2025-11-26T17:00:00.000Z","pending",
"income","10000.00","2025-11-26T17:00:00.000Z","pending",
"income","10000.00","2025-11-26T17:00:00.000Z","pending",
"income","10000.00","2025-11-26T17:00:00.000Z","completed",
"income","10000.00","2025-11-26T17:00:00.000Z","pending",
"income","10000.00","2025-11-26T17:00:00.000Z","pending",
"income","30000.00","2025-11-26T17:00:00.000Z","pending",
"income","10000.00","2025-11-26T17:00:00.000Z","pending",
"income","10000.00","2025-11-26T17:00:00.000Z","pending",
"income","10000.00","2025-11-26T17:00:00.000Z","pending",
"income","20000.00","2025-11-26T17:00:00.000Z","pending",
"income","10000.00","2025-11-25T17:00:00.000Z","pending",
"income","10000.00","2025-11-25T17:00:00.000Z","pending",
"income","10000.00","2025-11-25T17:00:00.000Z","pending",
"income","10000.00","2025-11-25T17:00:00.000Z","pending","Tiền mặt"
"income","10000.00","2025-11-25T17:00:00.000Z","pending","Tiền mặt"
"income","10000.00","2025-11-25T17:00:00.000Z","pending","Tiền mặt"
"income","10000.00","2025-11-25T17:00:00.000Z","pending","Tiền mặt"
"income","10000.00","2025-11-25T17:00:00.000Z","pending","Tiền mặt"
"expense","100.00","2025-11-27T17:00:00.000Z","completed",
"expense","100.00","2025-11-25T17:00:00.000Z","completed","Tiền mặt"
"income","10000.00","2025-11-25T17:00:00.000Z","pending","Tiền mặt"
"income","510000.00","2025-11-27T17:00:00.000Z","pending",
"income","10000.00","2025-11-25T17:00:00.000Z","pending",
"income","10000.00","2025-11-27T17:00:00.000Z","pending",
"income","10000.00","2025-11-27T17:00:00.000Z","pending",
"income","10000.00","2025-11-27T17:00:00.000Z","pending",
"income","10000.00","2025-11-27T17:00:00.000Z","pending",
"income","3000000.00","2025-11-20T17:00:00.000Z","pending","Tiền mặt"
"income","10000.00","2025-11-26T17:00:00.000Z","pending",
"income","10000.00","2025-11-27T17:00:00.000Z","pending",
"income","10000.00","2025-11-27T17:00:00.000Z","pending",
"income","10000.00","2025-11-27T17:00:00.000Z","pending",
"income","10000.00","2025-11-27T17:00:00.000Z","pending",
"income","10000.00","2025-11-27T17:00:00.000Z","completed",
"income","10000.00","2025-11-27T17:00:00.000Z","completed","Tiền mặt"
"expense","100.00","2025-11-27T17:00:00.000Z","completed",
"income","10000.00","2025-11-27T17:00:00.000Z","pending","Chuyển khoản ngân hàng"
"expense","100.00","2025-11-27T17:00:00.000Z","completed","Chuyển khoản ngân hàng"
"expense","100.00","2025-11-27T17:00:00.000Z","completed",
"expense","100.00","2025-11-27T17:00:00.000Z","completed",
"expense","100.00","2025-11-27T17:00:00.000Z","completed","Chuyển khoản ngân hàng"
"expense","100.00","2025-11-27T17:00:00.000Z","completed",
"expense","100.00","2025-11-27T17:00:00.000Z","completed",
"expense","100.00","2025-11-27T17:00:00.000Z","completed",
"expense","100.00","2025-11-27T17:00:00.000Z","completed",
"expense","100.00","2025-11-27T17:00:00.000Z","completed","Tiền mặt"
"expense","100.00","2025-11-27T17:00:00.000Z","completed",
"expense","100.00","2025-11-27T17:00:00.000Z","pending","Tiền mặt"
"expense","100.00","2025-11-27T17:00:00.000Z","pending",
"expense","100.00","2025-11-27T17:00:00.000Z","pending",
"expense","400000.00","2025-11-27T17:00:00.000Z","completed","Tiền mặt"
"expense","2000.00","2025-11-27T17:00:00.000Z","pending",
"expense","3000.00","2025-11-27T17:00:00.000Z","pending","Chuyển khoản ngân hàng"
"expense","5000.00","2025-11-27T17:00:00.000Z","pending","Chuyển khoản ngân hàng"
"expense","6000000.00","2025-12-02T17:00:00.000Z","completed","Tiền mặt"
"income","5000000.00","2025-12-02T17:00:00.000Z","completed","Tiền mặt"
"expense","16000000.00","2025-12-02T17:00:00.000Z","completed","Tiền mặt"
"income","5000000.00","2025-12-02T17:00:00.000Z","completed","Tiền mặt"
"income","5000000.00","2025-12-02T17:00:00.000Z","completed","Tiền mặt"
"income","3000000.00","2025-12-02T17:00:00.000Z","completed","Tiền mặt"
"income","850000.00","2025-12-02T17:00:00.000Z","completed","Tiền mặt"
"expense","110000.00","2025-12-02T17:00:00.000Z","completed","Tiền mặt"
"expense","1000.00","2025-12-02T17:00:00.000Z","completed","Tiền mặt"
"income","10000.00","2025-12-02T17:00:00.000Z","completed","Tiền mặt"
"income","1100000.00","2025-12-02T17:00:00.000Z","completed","Tiền mặt"
"expense","112000.00","2025-12-02T17:00:00.000Z","completed","Tiền mặt"
"expense","1000.00","2025-12-02T17:00:00.000Z","completed","Tiền mặt"
"expense","1000.00","2025-12-02T17:00:00.000Z","completed","Tiền mặt"
"income","500000.00","2025-12-02T17:00:00.000Z","completed","Tiền mặt"
"income","640000.00","2025-12-02T17:00:00.000Z","completed","Tiền mặt"
"expense","1000.00","2025-12-02T17:00:00.000Z","completed","Tiền mặt"
"expense","1000.00","2025-12-02T17:00:00.000Z","completed","Tiền mặt"
"expense","5000.00","2025-12-02T17:00:00.000Z","completed","Tiền mặt"
"expense","1000.00","2025-12-02T17:00:00.000Z","completed","Tiền mặt"
"expense","2000.00","2025-12-02T17:00:00.000Z","completed","Tiền mặt"
"expense","2000.00","2025-12-02T17:00:00.000Z","completed","Tiền mặt"
"income","60000.00","2025-12-02T17:00:00.000Z","completed","Tiền mặt"
"expense","2000.00","2025-12-02T17:00:00.000Z","completed","Tiền mặt"
"expense","2000.00","2025-12-02T17:00:00.000Z","completed","Tiền mặt"
"expense","1000.00","2025-12-02T17:00:00.000Z","completed","Tiền mặt"
"income","40000.00","2025-12-02T17:00:00.000Z","completed","Tiền mặt"
"expense","2000.00","2025-12-02T17:00:00.000Z","completed","Tiền mặt"
"expense","4000.00","2025-12-02T17:00:00.000Z","completed","Tiền mặt"
"income","20000.00","2025-12-04T17:00:00.000Z","pending","Chuyển khoản ngân hàng"
"income","10000.00","2025-12-04T17:00:00.000Z","pending","Chuyển khoản ngân hàng"
"income","10000.00","2025-12-06T17:00:00.000Z","completed","Tiền mặt"
"income","20000.00","2025-12-06T17:00:00.000Z","pending","Chuyển khoản ngân hàng"
"income","50000.00","2025-12-08T17:00:00.000Z","completed",
"expense","1000.00","2025-12-06T17:00:00.000Z","pending","Chuyển khoản ngân hàng"
"income","10000.00","2025-12-11T17:00:00.000Z","cancelled","Tiền mặt"
"income","10000.00","2025-12-11T17:00:00.000Z","pending","Tiền mặt"
"expense","25000.00","2025-12-11T17:00:00.000Z","completed","Tiền mặt"
"income","60000.00","2025-12-11T17:00:00.000Z","completed","Chuyển khoản ngân hàng"
"income","40000.00","2025-12-11T17:00:00.000Z","pending","Chuyển khoản ngân hàng"
"expense","5000000.00","2025-12-11T17:00:00.000Z","completed","Tiền mặt"
"income","40000.00","2025-12-13T17:00:00.000Z","completed","Tiền mặt"
"income","40000.00","2025-12-13T17:00:00.000Z","completed","Tiền mặt"
"income","40000.00","2025-12-13T17:00:00.000Z","completed","Tiền mặt"
"income","50000.00","2025-12-13T17:00:00.000Z","completed","Tiền mặt"
"income","40000.00","2025-12-13T17:00:00.000Z","cancelled","Chuyển khoản ngân hàng"
"income","40000.00","2025-12-13T17:00:00.000Z","cancelled","Chuyển khoản ngân hàng"
"income","40000.00","2025-12-13T17:00:00.000Z","pending","Chuyển khoản ngân hàng"
"expense","30000.00","2025-12-13T17:00:00.000Z","completed","Chuyển khoản ngân hàng"
"expense","5000.00","2025-12-13T17:00:00.000Z","completed","Tiền mặt"
"expense","30000.00","2025-12-13T17:00:00.000Z","completed","Chuyển khoản ngân hàng"
"expense","30000.00","2025-12-13T17:00:00.000Z","cancelled","Tiền mặt"
"income","50000.00","2025-12-13T17:00:00.000Z","completed","Tiền mặt"
"expense","2000000.00","2025-12-11T17:00:00.000Z","cancelled","Tiền mặt"
"income","100000.00","2025-12-13T17:00:00.000Z","completed","Tiền mặt"
"expense","125000.00","2025-12-11T17:00:00.000Z","cancelled","Tiền mặt"
"expense","30000.00","2025-12-13T17:00:00.000Z","completed","Tiền mặt"
"expense","60000.00","2025-12-13T17:00:00.000Z","completed","Chuyển khoản ngân hàng"
"income","900000.00","2025-12-13T17:00:00.000Z","completed","Tiền mặt"
"expense","1110000.00","2025-12-13T17:00:00.000Z","completed","Tiền mặt"
"income","2500000.00","2025-12-13T17:00:00.000Z","completed","Tiền mặt"
"income","100000.00","2025-12-13T17:00:00.000Z","pending","Chuyển khoản ngân hàng"
"expense","30000.00","2025-12-13T17:00:00.000Z","completed","Chuyển khoản ngân hàng"
"expense","600000.00","2025-12-13T17:00:00.000Z","completed","Tiền mặt"
"income","100000.00","2025-12-13T17:00:00.000Z","completed","Chuyển khoản ngân hàng"
"income","450000.00","2025-12-13T17:00:00.000Z","completed","Tiền mặt"
"expense","1500000.00","2025-12-13T17:00:00.000Z","completed","Tiền mặt"
"income","2500000.00","2025-12-13T17:00:00.000Z","completed","Tiền mặt"
"income","50000.00","2025-12-13T17:00:00.000Z","cancelled","Tiền mặt"
"income","50000.00","2025-12-13T17:00:00.000Z","cancelled","Tiền mặt"
"income","100000.00","2025-12-14T17:00:00.000Z","cancelled","Tiền mặt"